"","feature","sample.n","depth.norm","feature.norm","depth.R","feature.R","p.val","p.val.adj"
"1","Oxygen_DNA",189,0.137840098447897,0.172409059318948,0.667076157257418,0.672184545750901,0.0920889722655688,0.210269820006382
"2","percent_dna_sect_CAZ",196,0.0934724235211326,0.41170655093409,0.650533907327543,0.701232145847996,4.64387182768495e-08,2.65087683497016e-07
"3","percent_dna_sect_pep",196,0.0934724235211326,0.17090830502699,0.650533907327543,0.716173077655673,3.06315823018207e-10,3.49710564612453e-09
"4","log_percent_CAZ",152,0.794160549127811,0.545135977533067,0.449749321219905,0.493055179070492,0.000506606697049048,0.00192791993043665
"5","log_percent_pep",152,0.794160549127811,0.895448952337731,0.449749321219905,0.474489967745087,0.00918849952193734,0.0262255090521961
