depth,IN_median,count_x,SAT_median,count_y,NAT_median,count_x,SP_median,count_y,NP_median,count
DCM,0.9293940207317419,16.0,0.9137641855212778,47.0,0.8754831837799385,63.0,1.004368066522406,43.0,1.038720359638124,53.0
MES,0.9061029619917169,10.0,1.0832429114957425,55.0,0.9742554984483933,82.0,1.0055296931744206,64.0,1.0528626669331005,127.0
SRF,0.832154873803485,8.0,0.9628083149918839,23.0,0.987199295783312,137.0,1.0406408957069524,26.0,1.015658991880986,24.0
deep,0.9571425573143113,7.0,1.1627426258921816,23.0,1.0071721149061377,13.0,1.1856246294037158,3.0,0.8636490885597621,20.0
