depth,ARS_median,count_x,CPC_median,count_y,RS_median,count_x,MED_median,count_y,EAC_median,count_x,IN_median,count_y,SAT_median,count_x,NAT_median,count_y,SP_median,count_x,NP_median,count_y
DCM,0.9418800478524771,4.0,1.4251898936018095,8.0,0.9474502186979941,11.0,1.0125427746741555,13.0,1.0572409266682714,7.0,0.926163770600908,2.0,1.1243402674388823,8.0,1.887946884017757,5.0,0.7982516617700388,6.0,2.319989828728918,6.0
