depth,ARS_median,count_x,CPC_median,count_y,RS_median,count_x,MED_median,count_y,EAC_median,count_x,IN_median,count_y,SAT_median,count_x,NAT_median,count_y,SP_median,count_x,NP_median,count_y
DCM,0.9118174640209893,22.0,1.0893592981211966,33.0,1.0126147304047357,75.0,0.9609600490484671,138.0,1.0409687687995126,39.0,0.9293940207317419,16.0,0.9137641855212778,47.0,0.8754831837799385,63.0,1.004368066522406,43.0,1.038720359638124,53.0
SRF,0.9032247056267264,12.0,1.0814971996741678,40.0,1.046710256972325,49.0,0.9608718666585789,189.0,0.910090080642515,53.0,0.832154873803485,8.0,0.9628083149918839,23.0,0.987199295783312,137.0,1.0406408957069524,26.0,1.015658991880986,24.0
