depth,ARS_median,count_x,CPC_median,count_y,RS_median,count_x,MED_median,count_y,EAC_median,count_x,IN_median,count_y,SAT_median,count_x,NAT_median,count_y,SP_median,count_x,NP_median,count_y
DCM,0.9418800478524771,4.0,1.2574626068076913,6.0,1.0069656248708518,9.0,1.0125427746741555,11.0,1.0572409266682714,7.0,0.926163770600908,2.0,1.1314573738172198,3.0,1.7406695569835724,3.0,0.7982516617700388,4.0,0.820297447364972,2.0
