bin,SRF_pnps,DCM_pnps,MES_pnps,deep_pnps,SRF_gene_median,DCM_gene_median,MES_gene_median,deep_gene_median,SRF_bin_median,DCM_bin_median,MES_bin_median,deep_bin_median
IN-32,156,112,146,132,0.2350083306739206,0.1054827127777904,0.1292353789807739,0.2281154576386571,0.0478239141310715,0.0469034912139436,0.047313251417488,0.1484209046801607
NP-955,0,308,308,308,nan,0.1676225037039424,0.1689327120207785,0.1500567755868974,0.0636724114572415,0.1366716719738906,0.1351128512204609,0.0865966088796537
NAT-70,24,32,0,0,0.0926556827881158,0.1104979175271393,nan,nan,0.058173487541054,0.0503351280560869,0.4351083273502986,nan
