bin,SRF_pnps,DCM_pnps,MES_pnps,deep_pnps,SRF_gene_median,DCM_gene_median,MES_gene_median,deep_gene_median,SRF_bin_median,DCM_bin_median,MES_bin_median,deep_bin_median
IN-32,4,6,7,7,0.1080263409150935,0.06749112657317695,0.0538584928049826,0.2213808098245846,0.05136067064371799,0.055930239661608185,0.055160878292601176,0.17454581739010827
SP-3098,0,6,0,0,nan,0.1191664878612174,nan,nan,0.05861808930634721,0.1032635240347372,0.10470917081219476,nan
NP-38,11,10,0,0,0.1201214034309862,0.13664724106937365,nan,nan,0.12635729433883894,0.12747466145219244,0.0936826892016578,nan
SAT-12,0,8,0,0,nan,0.18946150123221728,nan,nan,0.09263771898933486,0.0979597072931626,0.2267477808873944,0.5482605667297709
SAT-1509,7,7,0,0,0.21225576034348154,0.2039666964499527,nan,nan,0.11547852834635115,0.11505619946755467,nan,nan
NAT-175,6,6,0,0,0.14534137579163314,0.19622340954413184,nan,nan,0.107887671183331,0.10279463010555977,0.010033975359735001,nan
NAT-282,0,7,10,0,nan,0.0707424330661629,0.07914970574840942,nan,0.0058462164689949,0.029435762998973998,0.03675279004974842,nan
