bin,SRF_pnps,DCM_pnps,MES_pnps,deep_pnps,SRF_gene_median,DCM_gene_median,MES_gene_median,deep_gene_median,SRF_bin_median,DCM_bin_median,MES_bin_median,deep_bin_median
IN-32,4,6,7,7,0.1080263409150935,0.0674911265731769,0.0538584928049826,0.2213808098245846,0.051360670643718,0.0559302396616081,0.0551608782926011,0.1745458173901082
SP-3098,0,6,0,0,nan,0.1191664878612173,nan,nan,0.0586180893063472,0.1032635240347372,0.1047091708121947,nan
NP-38,11,10,0,0,0.1201214034309862,0.1366472410693736,nan,nan,0.1263572943388389,0.1274746614521924,0.0936826892016578,nan
SAT-12,0,8,0,0,nan,0.1894615012322172,nan,nan,0.0926377189893348,0.0979597072931626,0.2267477808873944,0.5482605667297709
SAT-1509,7,7,0,0,0.2122557603434815,0.2039666964499527,nan,nan,0.1154785283463511,0.1150561994675546,nan,nan
NAT-175,6,6,0,0,0.1453413757916331,0.1962234095441318,nan,nan,0.107887671183331,0.1027946301055597,0.010033975359735,nan
NAT-282,0,7,10,0,nan,0.0707424330661629,0.0791497057484094,nan,0.0058462164689949,0.029435762998974,0.0367527900497484,nan
